Country_exporting_to_India,Principal_Commodity,Quantity_2011_12,Quantity_2012_13
CANADA,RICE,42,0
CHINA P RP,RICE,57,0
HONG KONG,RICE,0,0
IRAN,RICE,0,14
ITALY,RICE,37,44
JAPAN,RICE,4,6
KOREA RP,RICE,14,0
NETHERLAND,RICE,2,0
SAUDI ARAB,RICE,460,0
SINGAPORE,RICE,72,0
SPAIN,RICE,206,241
SWITZERLAND,RICE,2,0
THAILAND,RICE,128,216
TURKEY,RICE,0,0
U ARAB EMTS,RICE,0,24
U K,RICE,0,0
U S A,RICE,36,148
VIETNAM SOC REP,RICE,0,5
AFGHANISTAN TIS,PULSES,0,3093
ANGOLA,PULSES,0,119
ARGENTINA,PULSES,10498,36694
AUSTRALIA,PULSES,282674,695226
AUSTRIA,PULSES,742,613
BAHAMAS,PULSES,0,72
BAHARAIN IS,PULSES,545,288
BANGLADESH PR,PULSES,12,121
BELGIUM,PULSES,2004,2927
BENIN,PULSES,2320,96
BRAZIL,PULSES,549,2261
BULGARIA,PULSES,120,49
CAMBODIA,PULSES,0,50
CANADA,PULSES,1439193,1087445
CHILE,PULSES,480,477
TAIWAN,PULSES,6892,5057
CHINA P RP,PULSES,118181,105932
COMOROS,PULSES,0,119
COSTA RICA,PULSES,240,189
CYPRUS,PULSES,0,243
CZECH REPUBLIC,PULSES,654,485
DENMARK,PULSES,9198,479
DJIBOUTI,PULSES,0,210
DOMINIC REP,PULSES,0,72
EGYPT A RP,PULSES,189,1050
EL SALVADOR,PULSES,168,0
ETHIOPIA,PULSES,8291,25423
FINLAND,PULSES,120,790
FRANCE,PULSES,96445,119595
GEORGIA,PULSES,120,110
GERMANY,PULSES,11817,7074
GHANA,PULSES,380,72
GREECE,PULSES,398,615
GUINEA,PULSES,120,239
GUINEA BISSAU,PULSES,204,106
GUYANA,PULSES,918,244
HONG KONG,PULSES,2458,198
HUNGARY,PULSES,0,309
INDONESIA,PULSES,6241,13691
IRAN,PULSES,1039,1824
IRAQ,PULSES,0,1173
IRELAND,PULSES,48,0
ISRAEL,PULSES,1043,979
ITALY,PULSES,4871,4330
COTE D' IVOIRE,PULSES,548,377
JAPAN,PULSES,8790,6500
JORDAN,PULSES,0,22
KENYA,PULSES,1950,13064
KYRGHYZSTAN,PULSES,0,24
KOREA RP,PULSES,12461,6259
KUWAIT,PULSES,0,216
LEBANON,PULSES,0,138
LITHUANIA,PULSES,50,0
LUXEMBOURG,PULSES,240,0
MADAGASCAR,PULSES,1660,3451
MALAWI,PULSES,29865,59087
MALAYSIA,PULSES,6014,3303
MALDIVES,PULSES,301,0
MAURITIUS,PULSES,72,0
MYANMAR,PULSES,655723,827961
MEXICO,PULSES,821,10526
MOROCCO,PULSES,124,0
MOZAMBIQUE,PULSES,59534,64045
NEPAL,PULSES,2855,57
NETHERLAND,PULSES,3352,2618
NEW ZEALAND,PULSES,192,841
NIGERIA,PULSES,120,206
NORWAY,PULSES,276,360
OMAN,PULSES,120,438
PAKISTAN IR,PULSES,572,364
PARAGUAY,PULSES,0,96
PERU,PULSES,0,24
PHILIPPINES,PULSES,909,609
POLAND,PULSES,505,263
QATAR,PULSES,1180,585
ROMANIA,PULSES,452,726
RUSSIA,PULSES,259539,312759
SAUDI ARAB,PULSES,2380,3445
SLOVAK REP,PULSES,72,0
SINGAPORE,PULSES,5256,2236
SLOVENIA,PULSES,0,238
SOUTH AFRICA,PULSES,1303,1833
SPAIN,PULSES,2074,1438
SRI LANKA DSR,PULSES,2164,503
SUDAN,PULSES,398,981
SURINAME,PULSES,169,0
SWEDEN,PULSES,844,1320
SWITZERLAND,PULSES,898,1224
SYRIA,PULSES,0,139
TANZANIA REP,PULSES,74285,128408
THAILAND,PULSES,7173,5031
TOGO,PULSES,239,122
TRINIDAD,PULSES,46,0
TURKEY,PULSES,6793,3893
TURKMENISTAN,PULSES,72,0
UGANDA,PULSES,0,346
U ARAB EMTS,PULSES,3420,2486
U K,PULSES,7049,4206
UKRAINE,PULSES,69008,48113
U S A,PULSES,118755,182767
URUGUAY,PULSES,168,0
UZBEKISTAN,PULSES,2276,12814
VIETNAM SOC REP,PULSES,2278,756
CONGO D. REP.,PULSES,0,120
UNSPECIFIED,PULSES,284,82
AUSTRALIA,RAW CASHEW NUTS,432,18
AUSTRIA,RAW CASHEW NUTS,50,0
BAHARAIN IS,RAW CASHEW NUTS,279,0
BANGLADESH PR,RAW CASHEW NUTS,0,20
BENIN,RAW CASHEW NUTS,122301,155989
BRAZIL,RAW CASHEW NUTS,0,221
BURKINA FASO,RAW CASHEW NUTS,9933,3344
CAMBODIA,RAW CASHEW NUTS,492,231
CANADA,RAW CASHEW NUTS,368,0
TAIWAN,RAW CASHEW NUTS,101,100
CHINA P RP,RAW CASHEW NUTS,5662,2621
CONGO P REP,RAW CASHEW NUTS,99,97
COSTA RICA,RAW CASHEW NUTS,184,0
CZECH REPUBLIC,RAW CASHEW NUTS,51,0
DENMARK,RAW CASHEW NUTS,52,0
EGYPT A RP,RAW CASHEW NUTS,327,0
EL SALVADOR,RAW CASHEW NUTS,288,141
FINLAND,RAW CASHEW NUTS,98,541
FRANCE,RAW CASHEW NUTS,0,321
GABON,RAW CASHEW NUTS,0,57
GAMBIA,RAW CASHEW NUTS,25144,22179
GERMANY,RAW CASHEW NUTS,1059,398
GHANA,RAW CASHEW NUTS,128361,83771
GUATEMALA,RAW CASHEW NUTS,0,50
GUINEA,RAW CASHEW NUTS,23393,9729
GUINEA BISSAU,RAW CASHEW NUTS,136383,104411
HONG KONG,RAW CASHEW NUTS,17,0
INDONESIA,RAW CASHEW NUTS,40244,42019
IRAN,RAW CASHEW NUTS,166,233
ISRAEL,RAW CASHEW NUTS,480,0
ITALY,RAW CASHEW NUTS,336,92
COTE D' IVOIRE,RAW CASHEW NUTS,181264,264150
JAPAN,RAW CASHEW NUTS,252,0
JORDAN,RAW CASHEW NUTS,68,0
KOREA RP,RAW CASHEW NUTS,271,18
KUWAIT,RAW CASHEW NUTS,226,186
MADAGASCAR,RAW CASHEW NUTS,1068,226
MALAWI,RAW CASHEW NUTS,0,33
MALAYSIA,RAW CASHEW NUTS,1052,216
MALDIVES,RAW CASHEW NUTS,92,127
MALI,RAW CASHEW NUTS,2246,0
MALTA,RAW CASHEW NUTS,108,0
MYANMAR,RAW CASHEW NUTS,1163,163
MOROCCO,RAW CASHEW NUTS,97,0
MOZAMBIQUE,RAW CASHEW NUTS,20066,7585
NETHERLAND,RAW CASHEW NUTS,32,0
NIGERIA,RAW CASHEW NUTS,10308,27170
OMAN,RAW CASHEW NUTS,104,256
PAKISTAN IR,RAW CASHEW NUTS,950,204
PANAMA REPUBLIC,RAW CASHEW NUTS,142,103
PAPUA N GNA,RAW CASHEW NUTS,0,93
POLAND,RAW CASHEW NUTS,18,16
PORTUGAL,RAW CASHEW NUTS,166,0
RUSSIA,RAW CASHEW NUTS,286,162
SAUDI ARAB,RAW CASHEW NUTS,1182,1012
SENEGAL,RAW CASHEW NUTS,18377,12621
SINGAPORE,RAW CASHEW NUTS,347,748
SOUTH AFRICA,RAW CASHEW NUTS,417,18
SPAIN,RAW CASHEW NUTS,179,0
SRI LANKA DSR,RAW CASHEW NUTS,1692,1932
SUDAN,RAW CASHEW NUTS,53,85
SURINAME,RAW CASHEW NUTS,99,0
SWEDEN,RAW CASHEW NUTS,191,677
TANZANIA REP,RAW CASHEW NUTS,60011,142068
THAILAND,RAW CASHEW NUTS,793,473
TOGO,RAW CASHEW NUTS,4698,3757
TRINIDAD,RAW CASHEW NUTS,0,101
TUNISIA,RAW CASHEW NUTS,47,0
TURKEY,RAW CASHEW NUTS,80,0
U ARAB EMTS,RAW CASHEW NUTS,2109,320
U K,RAW CASHEW NUTS,654,0
U S A,RAW CASHEW NUTS,1520,798
VIETNAM SOC REP,RAW CASHEW NUTS,888,68
ZAMBIA,RAW CASHEW NUTS,0,191
UNSPECIFIED,RAW CASHEW NUTS,205,0
AFGHANISTAN TIS,SPICES,1484483,1737057
ALBANIA,SPICES,19068,17672
AUSTRALIA,SPICES,239945,81036
AUSTRIA,SPICES,46125,12319
BAHARAIN IS,SPICES,16958,40339
BANGLADESH PR,SPICES,330032,659012
BELIZE,SPICES,0,7000
BELGIUM,SPICES,141640,21983
BENIN,SPICES,32490,0
BOSNIA-HRZGOVIN,SPICES,26000,0
BRAZIL,SPICES,663412,132129
BULGARIA,SPICES,396000,137820
CAMBODIA,SPICES,20000,4
CANADA,SPICES,187441,36041
CHILE,SPICES,23378,0
TAIWAN,SPICES,163806,129746
CHINA P RP,SPICES,15506922,6656568
COLOMBIA,SPICES,1952,1500
COMOROS,SPICES,218040,733400
COSTA RICA,SPICES,16000,0
CZECH REPUBLIC,SPICES,43620,85000
DENMARK,SPICES,13473,758
DJIBOUTI,SPICES,0,483000
DOMINIC REP,SPICES,5100,0
EGYPT A RP,SPICES,594492,361468
ETHIOPIA,SPICES,311269,324192
FINLAND,SPICES,971472,955740
FRANCE,SPICES,314808,335449
GAMBIA,SPICES,0,8400
GERMANY,SPICES,461182,520210
GHANA,SPICES,1200,0
GREECE,SPICES,17018,5261
GRENADA,SPICES,0,25
GUATEMALA,SPICES,65000,596780
GUINEA,SPICES,7875,0
GUINEA BISSAU,SPICES,24350,0
HAITI,SPICES,408,1812
HONG KONG,SPICES,171199,40749
HUNGARY,SPICES,123,2010
ICELAND,SPICES,0,1
INDONESIA,SPICES,9449695,8120537
IRAN,SPICES,305030,229094
IRELAND,SPICES,182,6400
ISRAEL,SPICES,68212,31995
ITALY,SPICES,2521981,3691015
JAMAICA,SPICES,61150,80050
JAPAN,SPICES,593778,285940
JORDAN,SPICES,2389,0
KAZAKHSTAN,SPICES,12701,3927
KENYA,SPICES,34600,0
KOREA RP,SPICES,793999,252496
KUWAIT,SPICES,25000,2266
LAO PD RP,SPICES,1200,0
LEBANON,SPICES,581,0
MADAGASCAR,SPICES,5468214,5009890
MALAYSIA,SPICES,355331,465313
MAURITIUS,SPICES,23,0
MYANMAR,SPICES,1052288,1538000
MEXICO,SPICES,68212,130962
MOROCCO,SPICES,397343,718950
MOZAMBIQUE,SPICES,55366,5013
NEPAL,SPICES,29748979,63961015
NETHERLAND,SPICES,298403,318821
NETHERLANDANTIL,SPICES,1113,2424
NEW ZEALAND,SPICES,42525,106417
NIGERIA,SPICES,1685624,2949919
OMAN,SPICES,244,6815
PAKISTAN IR,SPICES,2711146,604859
PARAGUAY,SPICES,10000,9100
PERU,SPICES,49289,42000
PHILIPPINES,SPICES,2741,24
POLAND,SPICES,59803,3726
PORTUGAL,SPICES,57373,0
QATAR,SPICES,34275,2000
ROMANIA,SPICES,57000,87000
RUSSIA,SPICES,106076,195800
RWANDA,SPICES,12000,0
SAUDI ARAB,SPICES,220660,106807
SENEGAL,SPICES,47000,0
SINGAPORE,SPICES,494551,271667
SLOVENIA,SPICES,0,20
SOUTH AFRICA,SPICES,65021,106991
SPAIN,SPICES,320817,208818
SRI LANKA DSR,SPICES,6340546,10904311
SUDAN,SPICES,5000,0
SWEDEN,SPICES,87762,10027
SWITZERLAND,SPICES,326544,59547
SYRIA,SPICES,237861,75000
TAJIKISTAN,SPICES,40000,0
TANZANIA REP,SPICES,1141346,1990801
THAILAND,SPICES,874420,899171
TOGO,SPICES,0,180
TUNISIA,SPICES,150,6650
TURKEY,SPICES,16301346,11329359
UGANDA,SPICES,7000,0
U ARAB EMTS,SPICES,420690,507188
U K,SPICES,559172,166833
UKRAINE,SPICES,111087,182140
U S A,SPICES,2372958,1313946
URUGUAY,SPICES,24000,0
UZBEKISTAN,SPICES,59474,139225
VENEZUELA,SPICES,0,14000
VIETNAM SOC REP,SPICES,19697240,21710099
VIRGIN IS US,SPICES,0,34000
ZAMBIA,SPICES,1250,0
ZIMBABWE,SPICES,0,47748
UNSPECIFIED,SPICES,252864,703172
AUSTRALIA,SUGAR,1,0
AUSTRIA,SUGAR,6,5
BAHARAIN IS,SUGAR,0,0
BANGLADESH PR,SUGAR,0,21
BELGIUM,SUGAR,2,2
BRAZIL,SUGAR,98519,1108215
CANADA,SUGAR,103,74
TAIWAN,SUGAR,0,0
CHINA P RP,SUGAR,457,77
CZECH REPUBLIC,SUGAR,0,0
EGYPT A RP,SUGAR,0,0
FINLAND,SUGAR,0,0
FRANCE,SUGAR,19,94
GERMANY,SUGAR,88,145
HONG KONG,SUGAR,1,0
INDONESIA,SUGAR,14,20
IRELAND,SUGAR,4,0
ISRAEL,SUGAR,0,0
ITALY,SUGAR,1,0
JAPAN,SUGAR,22,19
JORDAN,SUGAR,0,0
KOREA RP,SUGAR,67,18
LIBERIA,SUGAR,0,5
MALAYSIA,SUGAR,0,1
MYANMAR,SUGAR,0,1
MEXICO,SUGAR,0,0
NETHERLAND,SUGAR,20,25
NEW ZEALAND,SUGAR,0,10
NIGERIA,SUGAR,0,0
PAKISTAN IR,SUGAR,1,4856
PHILIPPINES,SUGAR,0,0
POLAND,SUGAR,5,0
SAUDI ARAB,SUGAR,1,1
SLOVAK REP,SUGAR,0,17
SINGAPORE,SUGAR,2,2
SOUTH AFRICA,SUGAR,5,0
SPAIN,SUGAR,0,1
SWITZERLAND,SUGAR,1,0
THAILAND,SUGAR,0,1
TURKEY,SUGAR,1,2
U ARAB EMTS,SUGAR,50,375
U K,SUGAR,85,72
U S A,SUGAR,252,254
AFGHANISTAN TIS,PULP AND WASTE PAPER,0,103
ALBANIA,PULP AND WASTE PAPER,102,0
ALGERIA,PULP AND WASTE PAPER,6723,9497
ARGENTINA,PULP AND WASTE PAPER,25,616
AUSTRALIA,PULP AND WASTE PAPER,12610,11270
AUSTRIA,PULP AND WASTE PAPER,12721,14720
BAHARAIN IS,PULP AND WASTE PAPER,29458,31595
BANGLADESH PR,PULP AND WASTE PAPER,0,116
BARBADOS,PULP AND WASTE PAPER,46,0
BELGIUM,PULP AND WASTE PAPER,66831,43999
BENIN,PULP AND WASTE PAPER,43,79
BOSNIA-HRZGOVIN,PULP AND WASTE PAPER,25,486
BRAZIL,PULP AND WASTE PAPER,5143,4058
BULGARIA,PULP AND WASTE PAPER,0,121
BELARUS,PULP AND WASTE PAPER,110,0
CAMEROON,PULP AND WASTE PAPER,149,306
CANADA,PULP AND WASTE PAPER,153009,171178
CHILE,PULP AND WASTE PAPER,45863,60044
TAIWAN,PULP AND WASTE PAPER,7256,6280
CHINA P RP,PULP AND WASTE PAPER,78061,66009
COLOMBIA,PULP AND WASTE PAPER,0,171
COMOROS,PULP AND WASTE PAPER,0,35
COSTA RICA,PULP AND WASTE PAPER,0,244
CYPRUS,PULP AND WASTE PAPER,10945,13959
CZECH REPUBLIC,PULP AND WASTE PAPER,587,121
DENMARK,PULP AND WASTE PAPER,784,188
DOMINIC REP,PULP AND WASTE PAPER,1054,548
EGYPT A RP,PULP AND WASTE PAPER,954,351
EL SALVADOR,PULP AND WASTE PAPER,0,246
ESTONIA,PULP AND WASTE PAPER,17533,28009
ETHIOPIA,PULP AND WASTE PAPER,0,49
ERITREA,PULP AND WASTE PAPER,124,0
FINLAND,PULP AND WASTE PAPER,40454,32114
FRANCE,PULP AND WASTE PAPER,34318,24584
GABON,PULP AND WASTE PAPER,151,0
GAMBIA,PULP AND WASTE PAPER,120,0
GEORGIA,PULP AND WASTE PAPER,52,943
GERMANY,PULP AND WASTE PAPER,33834,21165
GHANA,PULP AND WASTE PAPER,1969,3355
GREECE,PULP AND WASTE PAPER,6445,9315
GUADELOUPE,PULP AND WASTE PAPER,0,1627
GUATEMALA,PULP AND WASTE PAPER,1580,3022
GUINEA,PULP AND WASTE PAPER,0,24
GUINEA BISSAU,PULP AND WASTE PAPER,0,260
GUYANA,PULP AND WASTE PAPER,146,0
HONDURAS,PULP AND WASTE PAPER,1043,1009
HONG KONG,PULP AND WASTE PAPER,1505,469
HUNGARY,PULP AND WASTE PAPER,20,0
ICELAND,PULP AND WASTE PAPER,2271,234
INDONESIA,PULP AND WASTE PAPER,271807,261558
IRAN,PULP AND WASTE PAPER,6421,777
IRAQ,PULP AND WASTE PAPER,0,99
IRELAND,PULP AND WASTE PAPER,31739,29198
ISRAEL,PULP AND WASTE PAPER,17037,17584
ITALY,PULP AND WASTE PAPER,18187,12176
COTE D' IVOIRE,PULP AND WASTE PAPER,1007,1511
JAPAN,PULP AND WASTE PAPER,8968,8000
JORDAN,PULP AND WASTE PAPER,5284,6303
KAZAKHSTAN,PULP AND WASTE PAPER,63,0
KENYA,PULP AND WASTE PAPER,5593,13819
KOREA RP,PULP AND WASTE PAPER,14297,9144
KUWAIT,PULP AND WASTE PAPER,54839,45860
LATVIA,PULP AND WASTE PAPER,230,0
LEBANON,PULP AND WASTE PAPER,0,261
LIBERIA,PULP AND WASTE PAPER,6,119
LIBYA,PULP AND WASTE PAPER,21,418
LITHUANIA,PULP AND WASTE PAPER,0,119
LUXEMBOURG,PULP AND WASTE PAPER,24,0
MACAO,PULP AND WASTE PAPER,100,0
MADAGASCAR,PULP AND WASTE PAPER,815,1571
MALAWI,PULP AND WASTE PAPER,0,296
MALAYSIA,PULP AND WASTE PAPER,8492,62745
MALDIVES,PULP AND WASTE PAPER,138,1515
MALTA,PULP AND WASTE PAPER,4894,9151
MARTINIQUE,PULP AND WASTE PAPER,0,171
MAURITIUS,PULP AND WASTE PAPER,3202,5301
MYANMAR,PULP AND WASTE PAPER,865,273
MEXICO,PULP AND WASTE PAPER,539,1131
MOROCCO,PULP AND WASTE PAPER,1884,289
MOZAMBIQUE,PULP AND WASTE PAPER,204,23
NAMIBIA,PULP AND WASTE PAPER,0,20
NEPAL,PULP AND WASTE PAPER,2469,6261
NETHERLAND,PULP AND WASTE PAPER,68808,48141
NETHERLANDANTIL,PULP AND WASTE PAPER,269,0
NEW ZEALAND,PULP AND WASTE PAPER,27508,33879
NICARAGUA,PULP AND WASTE PAPER,100,280
NIGERIA,PULP AND WASTE PAPER,500,188
NORFOLK IS,PULP AND WASTE PAPER,0,26
NORWAY,PULP AND WASTE PAPER,1264,2004
OMAN,PULP AND WASTE PAPER,4331,5161
PAKISTAN IR,PULP AND WASTE PAPER,1559,281
PANAMA REPUBLIC,PULP AND WASTE PAPER,202,147
PAPUA N GNA,PULP AND WASTE PAPER,0,78
PERU,PULP AND WASTE PAPER,348,0
PHILIPPINES,PULP AND WASTE PAPER,363,238
POLAND,PULP AND WASTE PAPER,1337,992
PORTUGAL,PULP AND WASTE PAPER,2469,1716
PUERTO RICO,PULP AND WASTE PAPER,849,2286
QATAR,PULP AND WASTE PAPER,5909,8058
REUNION,PULP AND WASTE PAPER,13029,14305
ROMANIA,PULP AND WASTE PAPER,124,67
RUSSIA,PULP AND WASTE PAPER,35416,41786
SAUDI ARAB,PULP AND WASTE PAPER,97021,107542
SENEGAL,PULP AND WASTE PAPER,26,0
SEYCHELLES,PULP AND WASTE PAPER,0,73
SLOVAK REP,PULP AND WASTE PAPER,0,102
SINGAPORE,PULP AND WASTE PAPER,35897,28542
SLOVENIA,PULP AND WASTE PAPER,132,212
SOUTH AFRICA,PULP AND WASTE PAPER,93927,102523
SPAIN,PULP AND WASTE PAPER,19151,11517
SRI LANKA DSR,PULP AND WASTE PAPER,106950,117660
ST LUCIA,PULP AND WASTE PAPER,0,194
SUDAN,PULP AND WASTE PAPER,3043,1714
SURINAME,PULP AND WASTE PAPER,554,76
SWEDEN,PULP AND WASTE PAPER,93303,112780
SWITZERLAND,PULP AND WASTE PAPER,3103,1757
SYRIA,PULP AND WASTE PAPER,8,0
TANZANIA REP,PULP AND WASTE PAPER,673,221
THAILAND,PULP AND WASTE PAPER,13123,14667
TOGO,PULP AND WASTE PAPER,230,716
TRINIDAD,PULP AND WASTE PAPER,1162,336
TUNISIA,PULP AND WASTE PAPER,1566,1083
TURKEY,PULP AND WASTE PAPER,13690,8855
U ARAB EMTS,PULP AND WASTE PAPER,212994,197419
U K,PULP AND WASTE PAPER,229001,164685
UKRAINE,PULP AND WASTE PAPER,498,1541
U S A,PULP AND WASTE PAPER,1055783,1186059
URUGUAY,PULP AND WASTE PAPER,4551,0
UZBEKISTAN,PULP AND WASTE PAPER,0,103
VENEZUELA,PULP AND WASTE PAPER,18,0
VIETNAM SOC REP,PULP AND WASTE PAPER,1267,4926
YEMEN REPUBLC,PULP AND WASTE PAPER,6643,6270
UNSPECIFIED,PULP AND WASTE PAPER,23873,1346
AFGHANISTAN TIS,"SILK,RAW",6,0
AUSTRALIA,"SILK,RAW",0,3
AUSTRIA,"SILK,RAW",0,3
BELGIUM,"SILK,RAW",1,0
BRAZIL,"SILK,RAW",0,6
TAIWAN,"SILK,RAW",23,15
CHINA P RP,"SILK,RAW",5165,4660
EGYPT A RP,"SILK,RAW",0,3
FINLAND,"SILK,RAW",5,0
FRANCE,"SILK,RAW",3,0
GERMANY,"SILK,RAW",34,6
GREECE,"SILK,RAW",3,0
HAITI,"SILK,RAW",2,0
HONG KONG,"SILK,RAW",20,6
INDONESIA,"SILK,RAW",9,8
IRAN,"SILK,RAW",25,0
ISRAEL,"SILK,RAW",0,5
ITALY,"SILK,RAW",29,2
JAPAN,"SILK,RAW",40,21
KOREA RP,"SILK,RAW",44,46
LUXEMBOURG,"SILK,RAW",3,0
MALAYSIA,"SILK,RAW",21,16
MYANMAR,"SILK,RAW",2,0
NETHERLAND,"SILK,RAW",3,6
NORWAY,"SILK,RAW",0,3
ROMANIA,"SILK,RAW",0,2
RUSSIA,"SILK,RAW",2,4
SINGAPORE,"SILK,RAW",4,5
SOUTH AFRICA,"SILK,RAW",6,9
SPAIN,"SILK,RAW",3,5
SRI LANKA DSR,"SILK,RAW",26,2
SWEDEN,"SILK,RAW",2,3
SWITZERLAND,"SILK,RAW",0,2
THAILAND,"SILK,RAW",30,21
TURKEY,"SILK,RAW",3,0
TURKMENISTAN,"SILK,RAW",0,4
U ARAB EMTS,"SILK,RAW",3,3
U K,"SILK,RAW",21,14
U S A,"SILK,RAW",51,4
UZBEKISTAN,"SILK,RAW",80,50
VIETNAM SOC REP,"SILK,RAW",16,14
AUSTRALIA,SILK YARN & FABRICS,0,0
AUSTRIA,SILK YARN & FABRICS,0,0
BAHARAIN IS,SILK YARN & FABRICS,0,0
BELGIUM,SILK YARN & FABRICS,0,0
BRAZIL,SILK YARN & FABRICS,0,0
BULGARIA,SILK YARN & FABRICS,0,0
BELARUS,SILK YARN & FABRICS,0,0
CANADA,SILK YARN & FABRICS,0,0
CHAD,SILK YARN & FABRICS,0,0
CHILE,SILK YARN & FABRICS,0,0
TAIWAN,SILK YARN & FABRICS,0,0
CHINA P RP,SILK YARN & FABRICS,0,0
CZECH REPUBLIC,SILK YARN & FABRICS,0,0
DENMARK,SILK YARN & FABRICS,0,0
EGYPT A RP,SILK YARN & FABRICS,0,0
ESTONIA,SILK YARN & FABRICS,0,0
FINLAND,SILK YARN & FABRICS,0,0
FRANCE,SILK YARN & FABRICS,0,0
GERMANY,SILK YARN & FABRICS,0,0
GHANA,SILK YARN & FABRICS,0,0
HONDURAS,SILK YARN & FABRICS,0,0
HONG KONG,SILK YARN & FABRICS,0,0
HUNGARY,SILK YARN & FABRICS,0,0
INDONESIA,SILK YARN & FABRICS,0,0
IRELAND,SILK YARN & FABRICS,0,0
ISRAEL,SILK YARN & FABRICS,0,0
ITALY,SILK YARN & FABRICS,0,0
JAPAN,SILK YARN & FABRICS,0,0
KOREA RP,SILK YARN & FABRICS,0,0
LATVIA,SILK YARN & FABRICS,0,0
LITHUANIA,SILK YARN & FABRICS,0,0
MADAGASCAR,SILK YARN & FABRICS,0,0
MALAYSIA,SILK YARN & FABRICS,0,0
MYANMAR,SILK YARN & FABRICS,0,0
MEXICO,SILK YARN & FABRICS,0,0
NETHERLAND,SILK YARN & FABRICS,0,0
NIGERIA,SILK YARN & FABRICS,0,0
NORWAY,SILK YARN & FABRICS,0,0
PAKISTAN IR,SILK YARN & FABRICS,0,0
PHILIPPINES,SILK YARN & FABRICS,0,0
POLAND,SILK YARN & FABRICS,0,0
PUERTO RICO,SILK YARN & FABRICS,0,0
ROMANIA,SILK YARN & FABRICS,0,0
RUSSIA,SILK YARN & FABRICS,0,0
SAUDI ARAB,SILK YARN & FABRICS,0,0
SLOVAK REP,SILK YARN & FABRICS,0,0
SINGAPORE,SILK YARN & FABRICS,0,0
SLOVENIA,SILK YARN & FABRICS,0,0
SOUTH AFRICA,SILK YARN & FABRICS,0,0
SPAIN,SILK YARN & FABRICS,0,0
SRI LANKA DSR,SILK YARN & FABRICS,0,0
SUDAN,SILK YARN & FABRICS,0,0
SWEDEN,SILK YARN & FABRICS,0,0
SWITZERLAND,SILK YARN & FABRICS,0,0
THAILAND,SILK YARN & FABRICS,0,0
TURKEY,SILK YARN & FABRICS,0,0
U ARAB EMTS,SILK YARN & FABRICS,0,0
U K,SILK YARN & FABRICS,0,0
U S A,SILK YARN & FABRICS,0,0
UZBEKISTAN,SILK YARN & FABRICS,0,0
VIETNAM SOC REP,SILK YARN & FABRICS,0,0
UNSPECIFIED,SILK YARN & FABRICS,0,0
ALGERIA,RAW HIDES & SKINS,0,0
ARGENTINA,RAW HIDES & SKINS,0,0
AUSTRALIA,RAW HIDES & SKINS,0,0
AUSTRIA,RAW HIDES & SKINS,0,0
AZERBAIJAN,RAW HIDES & SKINS,0,0
BANGLADESH PR,RAW HIDES & SKINS,0,0
BELGIUM,RAW HIDES & SKINS,0,0
BOLIVIA,RAW HIDES & SKINS,0,0
BOSNIA-HRZGOVIN,RAW HIDES & SKINS,0,0
BRAZIL,RAW HIDES & SKINS,0,0
BRUNEI,RAW HIDES & SKINS,0,0
BURUNDI,RAW HIDES & SKINS,0,0
BELARUS,RAW HIDES & SKINS,0,0
CANADA,RAW HIDES & SKINS,0,0
TAIWAN,RAW HIDES & SKINS,0,0
CHINA P RP,RAW HIDES & SKINS,0,0
COLOMBIA,RAW HIDES & SKINS,0,0
CUBA,RAW HIDES & SKINS,0,0
CZECH REPUBLIC,RAW HIDES & SKINS,0,0
DENMARK,RAW HIDES & SKINS,0,0
DJIBOUTI,RAW HIDES & SKINS,0,0
DOMINIC REP,RAW HIDES & SKINS,0,0
ECUADOR,RAW HIDES & SKINS,0,0
EGYPT A RP,RAW HIDES & SKINS,0,0
ESTONIA,RAW HIDES & SKINS,0,0
ETHIOPIA,RAW HIDES & SKINS,0,0
FINLAND,RAW HIDES & SKINS,0,0
FRANCE,RAW HIDES & SKINS,0,0
GEORGIA,RAW HIDES & SKINS,0,0
GERMANY,RAW HIDES & SKINS,0,0
GREECE,RAW HIDES & SKINS,0,0
GUINEA,RAW HIDES & SKINS,0,0
HONDURAS,RAW HIDES & SKINS,0,0
HONG KONG,RAW HIDES & SKINS,0,0
HUNGARY,RAW HIDES & SKINS,0,0
ICELAND,RAW HIDES & SKINS,0,0
INDONESIA,RAW HIDES & SKINS,0,0
IRAN,RAW HIDES & SKINS,0,0
IRAQ,RAW HIDES & SKINS,0,0
IRELAND,RAW HIDES & SKINS,0,0
ISRAEL,RAW HIDES & SKINS,0,0
ITALY,RAW HIDES & SKINS,0,0
JAPAN,RAW HIDES & SKINS,0,0
JORDAN,RAW HIDES & SKINS,0,0
KENYA,RAW HIDES & SKINS,0,0
KOREA RP,RAW HIDES & SKINS,0,0
KUWAIT,RAW HIDES & SKINS,0,0
LEBANON,RAW HIDES & SKINS,0,0
LIBYA,RAW HIDES & SKINS,0,0
MADAGASCAR,RAW HIDES & SKINS,0,0
MALAWI,RAW HIDES & SKINS,0,0
MALAYSIA,RAW HIDES & SKINS,0,0
MAURITANIA,RAW HIDES & SKINS,0,0
MYANMAR,RAW HIDES & SKINS,0,0
MEXICO,RAW HIDES & SKINS,0,0
MOROCCO,RAW HIDES & SKINS,0,0
MOZAMBIQUE,RAW HIDES & SKINS,0,0
NEPAL,RAW HIDES & SKINS,0,0
NETHERLAND,RAW HIDES & SKINS,0,0
NEW ZEALAND,RAW HIDES & SKINS,0,0
NIGERIA,RAW HIDES & SKINS,0,0
NORWAY,RAW HIDES & SKINS,0,0
OMAN,RAW HIDES & SKINS,0,0
PAKISTAN IR,RAW HIDES & SKINS,0,0
PANAMA REPUBLIC,RAW HIDES & SKINS,0,0
PERU,RAW HIDES & SKINS,0,0
PHILIPPINES,RAW HIDES & SKINS,0,0
POLAND,RAW HIDES & SKINS,0,0
PORTUGAL,RAW HIDES & SKINS,0,0
QATAR,RAW HIDES & SKINS,0,0
ROMANIA,RAW HIDES & SKINS,0,0
RUSSIA,RAW HIDES & SKINS,0,0
SAUDI ARAB,RAW HIDES & SKINS,0,0
SENEGAL,RAW HIDES & SKINS,0,0
SINGAPORE,RAW HIDES & SKINS,0,0
SLOVENIA,RAW HIDES & SKINS,0,0
SOMALIA,RAW HIDES & SKINS,0,0
SOUTH AFRICA,RAW HIDES & SKINS,0,0
SPAIN,RAW HIDES & SKINS,0,0
SRI LANKA DSR,RAW HIDES & SKINS,0,0
SUDAN,RAW HIDES & SKINS,0,0
SURINAME,RAW HIDES & SKINS,0,0
SWEDEN,RAW HIDES & SKINS,0,0
SWITZERLAND,RAW HIDES & SKINS,0,0
SYRIA,RAW HIDES & SKINS,0,0
TANZANIA REP,RAW HIDES & SKINS,0,0
THAILAND,RAW HIDES & SKINS,0,0
TUNISIA,RAW HIDES & SKINS,0,0
TURKEY,RAW HIDES & SKINS,0,0
TURKMENISTAN,RAW HIDES & SKINS,0,0
UGANDA,RAW HIDES & SKINS,0,0
U ARAB EMTS,RAW HIDES & SKINS,0,0
U K,RAW HIDES & SKINS,0,0
UKRAINE,RAW HIDES & SKINS,0,0
U S A,RAW HIDES & SKINS,0,0
URUGUAY,RAW HIDES & SKINS,0,0
UZBEKISTAN,RAW HIDES & SKINS,0,0
VENEZUELA,RAW HIDES & SKINS,0,0
VIETNAM SOC REP,RAW HIDES & SKINS,0,0
YEMEN REPUBLC,RAW HIDES & SKINS,0,0
ZAMBIA,RAW HIDES & SKINS,0,0
AFGHANISTAN TIS,"PETROLEUM, CRUDE & PRODUCTS",0,19
ALBANIA,"PETROLEUM, CRUDE & PRODUCTS",115382,41687
ALGERIA,"PETROLEUM, CRUDE & PRODUCTS",2373567,809627
ANGOLA,"PETROLEUM, CRUDE & PRODUCTS",7976415,10091752
ANTIGUA,"PETROLEUM, CRUDE & PRODUCTS",161,427
ARGENTINA,"PETROLEUM, CRUDE & PRODUCTS",74,105
AUSTRALIA,"PETROLEUM, CRUDE & PRODUCTS",695973,323347
AUSTRIA,"PETROLEUM, CRUDE & PRODUCTS",401,0
AZERBAIJAN,"PETROLEUM, CRUDE & PRODUCTS",1008478,2159348
BAHAMAS,"PETROLEUM, CRUDE & PRODUCTS",34,143220
BAHARAIN IS,"PETROLEUM, CRUDE & PRODUCTS",605941,413147
BANGLADESH PR,"PETROLEUM, CRUDE & PRODUCTS",18587,38672
BELGIUM,"PETROLEUM, CRUDE & PRODUCTS",100086,3974
BENIN,"PETROLEUM, CRUDE & PRODUCTS",8725,887
BHUTAN,"PETROLEUM, CRUDE & PRODUCTS",0,57
BRAZIL,"PETROLEUM, CRUDE & PRODUCTS",3801674,3748884
BRUNEI,"PETROLEUM, CRUDE & PRODUCTS",863676,1146540
BULGARIA,"PETROLEUM, CRUDE & PRODUCTS",104,72
BURKINA FASO,"PETROLEUM, CRUDE & PRODUCTS",73,0
CAMEROON,"PETROLEUM, CRUDE & PRODUCTS",580387,527657
CANADA,"PETROLEUM, CRUDE & PRODUCTS",1109,142757
CAPE VERDE IS,"PETROLEUM, CRUDE & PRODUCTS",0,95
CHAD,"PETROLEUM, CRUDE & PRODUCTS",0,139820
CHILE,"PETROLEUM, CRUDE & PRODUCTS",41,117096
TAIWAN,"PETROLEUM, CRUDE & PRODUCTS",379292,322667
CHINA P RP,"PETROLEUM, CRUDE & PRODUCTS",1407016,1103558
COLOMBIA,"PETROLEUM, CRUDE & PRODUCTS",746717,3057597
CONGO P REP,"PETROLEUM, CRUDE & PRODUCTS",316389,552067
COSTA RICA,"PETROLEUM, CRUDE & PRODUCTS",126,0
CYPRUS,"PETROLEUM, CRUDE & PRODUCTS",883,111
CZECH REPUBLIC,"PETROLEUM, CRUDE & PRODUCTS",95,152
DENMARK,"PETROLEUM, CRUDE & PRODUCTS",5297,30
ECUADOR,"PETROLEUM, CRUDE & PRODUCTS",0,1128663
EGYPT A RP,"PETROLEUM, CRUDE & PRODUCTS",3561201,2995975
ESTONIA,"PETROLEUM, CRUDE & PRODUCTS",35,0
ETHIOPIA,"PETROLEUM, CRUDE & PRODUCTS",3242,0
EQUTL GUINEA,"PETROLEUM, CRUDE & PRODUCTS",232542,653031
FINLAND,"PETROLEUM, CRUDE & PRODUCTS",196,2803
FRANCE,"PETROLEUM, CRUDE & PRODUCTS",19696,76399
FR GUIANA,"PETROLEUM, CRUDE & PRODUCTS",130317,0
GABON,"PETROLEUM, CRUDE & PRODUCTS",89802,997940
GEORGIA,"PETROLEUM, CRUDE & PRODUCTS",38,15270
GERMANY,"PETROLEUM, CRUDE & PRODUCTS",24921,16527
GHANA,"PETROLEUM, CRUDE & PRODUCTS",16,511
GREECE,"PETROLEUM, CRUDE & PRODUCTS",15000,981
GUADELOUPE,"PETROLEUM, CRUDE & PRODUCTS",706,0
GUINEA,"PETROLEUM, CRUDE & PRODUCTS",144805,664194
GUINEA BISSAU,"PETROLEUM, CRUDE & PRODUCTS",53794,10
HONG KONG,"PETROLEUM, CRUDE & PRODUCTS",45062,5757
HUNGARY,"PETROLEUM, CRUDE & PRODUCTS",418,4009
INDONESIA,"PETROLEUM, CRUDE & PRODUCTS",261114,226254
IRAN,"PETROLEUM, CRUDE & PRODUCTS",14796228,13334090
IRAQ,"PETROLEUM, CRUDE & PRODUCTS",23778037,25374113
IRELAND,"PETROLEUM, CRUDE & PRODUCTS",33,42
ISRAEL,"PETROLEUM, CRUDE & PRODUCTS",84686,49
ITALY,"PETROLEUM, CRUDE & PRODUCTS",7820,15864
COTE D' IVOIRE,"PETROLEUM, CRUDE & PRODUCTS",196940,167
JAPAN,"PETROLEUM, CRUDE & PRODUCTS",258305,31239
KAZAKHSTAN,"PETROLEUM, CRUDE & PRODUCTS",2979,3094
KENYA,"PETROLEUM, CRUDE & PRODUCTS",17,46
KOREA DP RP,"PETROLEUM, CRUDE & PRODUCTS",2620,0
KOREA RP,"PETROLEUM, CRUDE & PRODUCTS",846658,683877
KUWAIT,"PETROLEUM, CRUDE & PRODUCTS",19599691,20306796
LEBANON,"PETROLEUM, CRUDE & PRODUCTS",0,299
LIBERIA,"PETROLEUM, CRUDE & PRODUCTS",7416,5101
LIBYA,"PETROLEUM, CRUDE & PRODUCTS",45032,2034667
LUXEMBOURG,"PETROLEUM, CRUDE & PRODUCTS",1,20
MACAO,"PETROLEUM, CRUDE & PRODUCTS",0,20
MADAGASCAR,"PETROLEUM, CRUDE & PRODUCTS",67,86
MALAWI,"PETROLEUM, CRUDE & PRODUCTS",40,0
MALAYSIA,"PETROLEUM, CRUDE & PRODUCTS",2593848,2847311
MALDIVES,"PETROLEUM, CRUDE & PRODUCTS",13474,36
MALI,"PETROLEUM, CRUDE & PRODUCTS",56,0
MALTA,"PETROLEUM, CRUDE & PRODUCTS",0,15
MARSHALL ISLAND,"PETROLEUM, CRUDE & PRODUCTS",241,33
MAURITIUS,"PETROLEUM, CRUDE & PRODUCTS",11988,21
MYANMAR,"PETROLEUM, CRUDE & PRODUCTS",10199,3606
MEXICO,"PETROLEUM, CRUDE & PRODUCTS",2364568,4628256
MOROCCO,"PETROLEUM, CRUDE & PRODUCTS",16,240
NAMIBIA,"PETROLEUM, CRUDE & PRODUCTS",75,111
NETHERLAND,"PETROLEUM, CRUDE & PRODUCTS",242308,892533
NETHERLANDANTIL,"PETROLEUM, CRUDE & PRODUCTS",5,199
NEW ZEALAND,"PETROLEUM, CRUDE & PRODUCTS",367,77
NICARAGUA,"PETROLEUM, CRUDE & PRODUCTS",0,76627
NIGER,"PETROLEUM, CRUDE & PRODUCTS",0,116750
NIGERIA,"PETROLEUM, CRUDE & PRODUCTS",16743270,16123252
NORWAY,"PETROLEUM, CRUDE & PRODUCTS",2973,6701
OMAN,"PETROLEUM, CRUDE & PRODUCTS",2589749,618308
PAKISTAN IR,"PETROLEUM, CRUDE & PRODUCTS",25997,31700
PANAMA REPUBLIC,"PETROLEUM, CRUDE & PRODUCTS",202123,58051
PANAMA C Z,"PETROLEUM, CRUDE & PRODUCTS",103743,0
PAPUA N GNA,"PETROLEUM, CRUDE & PRODUCTS",63,0
PERU,"PETROLEUM, CRUDE & PRODUCTS",18,0
PHILIPPINES,"PETROLEUM, CRUDE & PRODUCTS",323,158
POLAND,"PETROLEUM, CRUDE & PRODUCTS",159,24594
PORTUGAL,"PETROLEUM, CRUDE & PRODUCTS",3775,2
QATAR,"PETROLEUM, CRUDE & PRODUCTS",18080814,20705230
REUNION,"PETROLEUM, CRUDE & PRODUCTS",96,0
ROMANIA,"PETROLEUM, CRUDE & PRODUCTS",565,49044
RUSSIA,"PETROLEUM, CRUDE & PRODUCTS",3751,166147
SAUDI ARAB,"PETROLEUM, CRUDE & PRODUCTS",33571839,36436183
SENEGAL,"PETROLEUM, CRUDE & PRODUCTS",0,3
SERBIA MONTNGRO,"PETROLEUM, CRUDE & PRODUCTS",0,88
SLOVAK REP,"PETROLEUM, CRUDE & PRODUCTS",20,0
SINGAPORE,"PETROLEUM, CRUDE & PRODUCTS",2386472,844939
SLOVENIA,"PETROLEUM, CRUDE & PRODUCTS",151,134
SOUTH AFRICA,"PETROLEUM, CRUDE & PRODUCTS",22643,17462
SPAIN,"PETROLEUM, CRUDE & PRODUCTS",118169,148580
SRI LANKA DSR,"PETROLEUM, CRUDE & PRODUCTS",44500,2509
SUDAN,"PETROLEUM, CRUDE & PRODUCTS",522288,83533
SWAZILAND,"PETROLEUM, CRUDE & PRODUCTS",5,2
SWEDEN,"PETROLEUM, CRUDE & PRODUCTS",120512,8318
SWITZERLAND,"PETROLEUM, CRUDE & PRODUCTS",2365,186
SYRIA,"PETROLEUM, CRUDE & PRODUCTS",166681,82650
TAJIKISTAN,"PETROLEUM, CRUDE & PRODUCTS",332,252
TANZANIA REP,"PETROLEUM, CRUDE & PRODUCTS",0,20
THAILAND,"PETROLEUM, CRUDE & PRODUCTS",83266,59817
TOGO,"PETROLEUM, CRUDE & PRODUCTS",16,0
TRINIDAD,"PETROLEUM, CRUDE & PRODUCTS",319526,0
TUNISIA,"PETROLEUM, CRUDE & PRODUCTS",34901,0
TURKEY,"PETROLEUM, CRUDE & PRODUCTS",1070,14440
U ARAB EMTS,"PETROLEUM, CRUDE & PRODUCTS",17168628,18060219
U K,"PETROLEUM, CRUDE & PRODUCTS",119689,90184
UKRAINE,"PETROLEUM, CRUDE & PRODUCTS",8588,4755
U S A,"PETROLEUM, CRUDE & PRODUCTS",1462048,2866229
UZBEKISTAN,"PETROLEUM, CRUDE & PRODUCTS",4941,584
VENEZUELA,"PETROLEUM, CRUDE & PRODUCTS",9466282,20768994
VIETNAM SOC REP,"PETROLEUM, CRUDE & PRODUCTS",3446,195
YEMEN REPUBLC,"PETROLEUM, CRUDE & PRODUCTS",1232233,1086881
UNSPECIFIED,"PETROLEUM, CRUDE & PRODUCTS",156937,25658
AFGHANISTAN TIS,"PRNTD BOOKS,NWSPAPRS,JRNLS ETC",0,0
ANGOLA,"PRNTD BOOKS,NWSPAPRS,JRNLS ETC",0,0
ARGENTINA,"PRNTD BOOKS,NWSPAPRS,JRNLS ETC",0,0
AUSTRALIA,"PRNTD BOOKS,NWSPAPRS,JRNLS ETC",0,0
AUSTRIA,"PRNTD BOOKS,NWSPAPRS,JRNLS ETC",0,0
BAHARAIN IS,"PRNTD BOOKS,NWSPAPRS,JRNLS ETC",0,0
BANGLADESH PR,"PRNTD BOOKS,NWSPAPRS,JRNLS ETC",0,0
BARBADOS,"PRNTD BOOKS,NWSPAPRS,JRNLS ETC",0,0
BELGIUM,"PRNTD BOOKS,NWSPAPRS,JRNLS ETC",0,0
BENIN,"PRNTD BOOKS,NWSPAPRS,JRNLS ETC",0,0
BOLIVIA,"PRNTD BOOKS,NWSPAPRS,JRNLS ETC",0,0
BOSNIA-HRZGOVIN,"PRNTD BOOKS,NWSPAPRS,JRNLS ETC",0,0
BRAZIL,"PRNTD BOOKS,NWSPAPRS,JRNLS ETC",0,0
BULGARIA,"PRNTD BOOKS,NWSPAPRS,JRNLS ETC",0,0
BELARUS,"PRNTD BOOKS,NWSPAPRS,JRNLS ETC",0,0
CAMBODIA,"PRNTD BOOKS,NWSPAPRS,JRNLS ETC",0,0
CANADA,"PRNTD BOOKS,NWSPAPRS,JRNLS ETC",0,0
CHILE,"PRNTD BOOKS,NWSPAPRS,JRNLS ETC",0,0
TAIWAN,"PRNTD BOOKS,NWSPAPRS,JRNLS ETC",0,0
CHINA P RP,"PRNTD BOOKS,NWSPAPRS,JRNLS ETC",0,0
COLOMBIA,"PRNTD BOOKS,NWSPAPRS,JRNLS ETC",0,0
COSTA RICA,"PRNTD BOOKS,NWSPAPRS,JRNLS ETC",0,0
CROATIA,"PRNTD BOOKS,NWSPAPRS,JRNLS ETC",0,0
CYPRUS,"PRNTD BOOKS,NWSPAPRS,JRNLS ETC",0,0
CZECH REPUBLIC,"PRNTD BOOKS,NWSPAPRS,JRNLS ETC",0,0
DENMARK,"PRNTD BOOKS,NWSPAPRS,JRNLS ETC",0,0
DOMINIC REP,"PRNTD BOOKS,NWSPAPRS,JRNLS ETC",0,0
ECUADOR,"PRNTD BOOKS,NWSPAPRS,JRNLS ETC",0,0
EGYPT A RP,"PRNTD BOOKS,NWSPAPRS,JRNLS ETC",0,0
EL SALVADOR,"PRNTD BOOKS,NWSPAPRS,JRNLS ETC",0,0
ESTONIA,"PRNTD BOOKS,NWSPAPRS,JRNLS ETC",0,0
ETHIOPIA,"PRNTD BOOKS,NWSPAPRS,JRNLS ETC",0,0
FINLAND,"PRNTD BOOKS,NWSPAPRS,JRNLS ETC",0,0
FIJI IS,"PRNTD BOOKS,NWSPAPRS,JRNLS ETC",0,0
FRANCE,"PRNTD BOOKS,NWSPAPRS,JRNLS ETC",0,0
GABON,"PRNTD BOOKS,NWSPAPRS,JRNLS ETC",0,0
GEORGIA,"PRNTD BOOKS,NWSPAPRS,JRNLS ETC",0,0
GERMANY,"PRNTD BOOKS,NWSPAPRS,JRNLS ETC",0,0
GHANA,"PRNTD BOOKS,NWSPAPRS,JRNLS ETC",0,0
GREECE,"PRNTD BOOKS,NWSPAPRS,JRNLS ETC",0,0
GUADELOUPE,"PRNTD BOOKS,NWSPAPRS,JRNLS ETC",0,0
HAITI,"PRNTD BOOKS,NWSPAPRS,JRNLS ETC",0,0
HONDURAS,"PRNTD BOOKS,NWSPAPRS,JRNLS ETC",0,0
HONG KONG,"PRNTD BOOKS,NWSPAPRS,JRNLS ETC",0,0
HUNGARY,"PRNTD BOOKS,NWSPAPRS,JRNLS ETC",0,0
ICELAND,"PRNTD BOOKS,NWSPAPRS,JRNLS ETC",0,0
INDONESIA,"PRNTD BOOKS,NWSPAPRS,JRNLS ETC",0,0
IRAN,"PRNTD BOOKS,NWSPAPRS,JRNLS ETC",0,0
IRAQ,"PRNTD BOOKS,NWSPAPRS,JRNLS ETC",0,0
IRELAND,"PRNTD BOOKS,NWSPAPRS,JRNLS ETC",0,0
ISRAEL,"PRNTD BOOKS,NWSPAPRS,JRNLS ETC",0,0
ITALY,"PRNTD BOOKS,NWSPAPRS,JRNLS ETC",0,0
COTE D' IVOIRE,"PRNTD BOOKS,NWSPAPRS,JRNLS ETC",0,0
JAMAICA,"PRNTD BOOKS,NWSPAPRS,JRNLS ETC",0,0
JAPAN,"PRNTD BOOKS,NWSPAPRS,JRNLS ETC",0,0
JORDAN,"PRNTD BOOKS,NWSPAPRS,JRNLS ETC",0,0
KAZAKHSTAN,"PRNTD BOOKS,NWSPAPRS,JRNLS ETC",0,0
KENYA,"PRNTD BOOKS,NWSPAPRS,JRNLS ETC",0,0
KOREA DP RP,"PRNTD BOOKS,NWSPAPRS,JRNLS ETC",0,0
KOREA RP,"PRNTD BOOKS,NWSPAPRS,JRNLS ETC",0,0
KUWAIT,"PRNTD BOOKS,NWSPAPRS,JRNLS ETC",0,0
LATVIA,"PRNTD BOOKS,NWSPAPRS,JRNLS ETC",0,0
LEBANON,"PRNTD BOOKS,NWSPAPRS,JRNLS ETC",0,0
LIBERIA,"PRNTD BOOKS,NWSPAPRS,JRNLS ETC",0,0
LIBYA,"PRNTD BOOKS,NWSPAPRS,JRNLS ETC",0,0
LIECHTENSTEIN,"PRNTD BOOKS,NWSPAPRS,JRNLS ETC",0,0
LITHUANIA,"PRNTD BOOKS,NWSPAPRS,JRNLS ETC",0,0
LUXEMBOURG,"PRNTD BOOKS,NWSPAPRS,JRNLS ETC",0,0
MACAO,"PRNTD BOOKS,NWSPAPRS,JRNLS ETC",0,0
MACEDONIA,"PRNTD BOOKS,NWSPAPRS,JRNLS ETC",0,0
MADAGASCAR,"PRNTD BOOKS,NWSPAPRS,JRNLS ETC",0,0
MALAWI,"PRNTD BOOKS,NWSPAPRS,JRNLS ETC",0,0
MALAYSIA,"PRNTD BOOKS,NWSPAPRS,JRNLS ETC",0,0
MALDIVES,"PRNTD BOOKS,NWSPAPRS,JRNLS ETC",0,0
MALTA,"PRNTD BOOKS,NWSPAPRS,JRNLS ETC",0,0
MARSHALL ISLAND,"PRNTD BOOKS,NWSPAPRS,JRNLS ETC",0,0
MAURITIUS,"PRNTD BOOKS,NWSPAPRS,JRNLS ETC",0,0
MYANMAR,"PRNTD BOOKS,NWSPAPRS,JRNLS ETC",0,0
MEXICO,"PRNTD BOOKS,NWSPAPRS,JRNLS ETC",0,0
MONACO,"PRNTD BOOKS,NWSPAPRS,JRNLS ETC",0,0
MOROCCO,"PRNTD BOOKS,NWSPAPRS,JRNLS ETC",0,0
MOZAMBIQUE,"PRNTD BOOKS,NWSPAPRS,JRNLS ETC",0,0
NAMIBIA,"PRNTD BOOKS,NWSPAPRS,JRNLS ETC",0,0
NEPAL,"PRNTD BOOKS,NWSPAPRS,JRNLS ETC",0,0
NETHERLAND,"PRNTD BOOKS,NWSPAPRS,JRNLS ETC",0,0
NETHERLANDANTIL,"PRNTD BOOKS,NWSPAPRS,JRNLS ETC",0,0
NEW ZEALAND,"PRNTD BOOKS,NWSPAPRS,JRNLS ETC",0,0
NIGERIA,"PRNTD BOOKS,NWSPAPRS,JRNLS ETC",0,0
NORWAY,"PRNTD BOOKS,NWSPAPRS,JRNLS ETC",0,0
OMAN,"PRNTD BOOKS,NWSPAPRS,JRNLS ETC",0,0
PAKISTAN IR,"PRNTD BOOKS,NWSPAPRS,JRNLS ETC",0,0
PANAMA REPUBLIC,"PRNTD BOOKS,NWSPAPRS,JRNLS ETC",0,0
PERU,"PRNTD BOOKS,NWSPAPRS,JRNLS ETC",0,0
PHILIPPINES,"PRNTD BOOKS,NWSPAPRS,JRNLS ETC",0,0
POLAND,"PRNTD BOOKS,NWSPAPRS,JRNLS ETC",0,0
PORTUGAL,"PRNTD BOOKS,NWSPAPRS,JRNLS ETC",0,0
PUERTO RICO,"PRNTD BOOKS,NWSPAPRS,JRNLS ETC",0,0
QATAR,"PRNTD BOOKS,NWSPAPRS,JRNLS ETC",0,0
REUNION,"PRNTD BOOKS,NWSPAPRS,JRNLS ETC",0,0
ROMANIA,"PRNTD BOOKS,NWSPAPRS,JRNLS ETC",0,0
RUSSIA,"PRNTD BOOKS,NWSPAPRS,JRNLS ETC",0,0
SAUDI ARAB,"PRNTD BOOKS,NWSPAPRS,JRNLS ETC",0,0
SENEGAL,"PRNTD BOOKS,NWSPAPRS,JRNLS ETC",0,0
SERBIA MONTNGRO,"PRNTD BOOKS,NWSPAPRS,JRNLS ETC",0,0
SEYCHELLES,"PRNTD BOOKS,NWSPAPRS,JRNLS ETC",0,0
SIERRA LEONE,"PRNTD BOOKS,NWSPAPRS,JRNLS ETC",0,0
SLOVAK REP,"PRNTD BOOKS,NWSPAPRS,JRNLS ETC",0,0
SINGAPORE,"PRNTD BOOKS,NWSPAPRS,JRNLS ETC",0,0
SLOVENIA,"PRNTD BOOKS,NWSPAPRS,JRNLS ETC",0,0
SOUTH AFRICA,"PRNTD BOOKS,NWSPAPRS,JRNLS ETC",0,0
SPAIN,"PRNTD BOOKS,NWSPAPRS,JRNLS ETC",0,0
SRI LANKA DSR,"PRNTD BOOKS,NWSPAPRS,JRNLS ETC",0,0
SWAZILAND,"PRNTD BOOKS,NWSPAPRS,JRNLS ETC",0,0
SWEDEN,"PRNTD BOOKS,NWSPAPRS,JRNLS ETC",0,0
SWITZERLAND,"PRNTD BOOKS,NWSPAPRS,JRNLS ETC",0,0
SYRIA,"PRNTD BOOKS,NWSPAPRS,JRNLS ETC",0,0
TANZANIA REP,"PRNTD BOOKS,NWSPAPRS,JRNLS ETC",0,0
THAILAND,"PRNTD BOOKS,NWSPAPRS,JRNLS ETC",0,0
TOGO,"PRNTD BOOKS,NWSPAPRS,JRNLS ETC",0,0
TUNISIA,"PRNTD BOOKS,NWSPAPRS,JRNLS ETC",0,0
TURKEY,"PRNTD BOOKS,NWSPAPRS,JRNLS ETC",0,0
TURKMENISTAN,"PRNTD BOOKS,NWSPAPRS,JRNLS ETC",0,0
U ARAB EMTS,"PRNTD BOOKS,NWSPAPRS,JRNLS ETC",0,0
U K,"PRNTD BOOKS,NWSPAPRS,JRNLS ETC",0,0
UKRAINE,"PRNTD BOOKS,NWSPAPRS,JRNLS ETC",0,0
U S A,"PRNTD BOOKS,NWSPAPRS,JRNLS ETC",0,0
URUGUAY,"PRNTD BOOKS,NWSPAPRS,JRNLS ETC",0,0
VENEZUELA,"PRNTD BOOKS,NWSPAPRS,JRNLS ETC",0,0
VIETNAM SOC REP,"PRNTD BOOKS,NWSPAPRS,JRNLS ETC",0,0
VIRGIN IS US,"PRNTD BOOKS,NWSPAPRS,JRNLS ETC",0,0
ZAMBIA,"PRNTD BOOKS,NWSPAPRS,JRNLS ETC",0,0
ZIMBABWE,"PRNTD BOOKS,NWSPAPRS,JRNLS ETC",0,0
UNSPECIFIED,"PRNTD BOOKS,NWSPAPRS,JRNLS ETC",0,0
AFGHANISTAN TIS,"PRIMRY STEL,PIG IRON BASD ITMS",75,0
ALBANIA,"PRIMRY STEL,PIG IRON BASD ITMS",0,135
ARGENTINA,"PRIMRY STEL,PIG IRON BASD ITMS",2105,2184
AUSTRALIA,"PRIMRY STEL,PIG IRON BASD ITMS",297,318
AUSTRIA,"PRIMRY STEL,PIG IRON BASD ITMS",103,114
BAHARAIN IS,"PRIMRY STEL,PIG IRON BASD ITMS",294,700
BELGIUM,"PRIMRY STEL,PIG IRON BASD ITMS",360,266
BHUTAN,"PRIMRY STEL,PIG IRON BASD ITMS",76257,74459
BRAZIL,"PRIMRY STEL,PIG IRON BASD ITMS",10732,10086
BELARUS,"PRIMRY STEL,PIG IRON BASD ITMS",105,63
CANADA,"PRIMRY STEL,PIG IRON BASD ITMS",1626,2228
CHILE,"PRIMRY STEL,PIG IRON BASD ITMS",219,20
TAIWAN,"PRIMRY STEL,PIG IRON BASD ITMS",3759,3757
CHINA P RP,"PRIMRY STEL,PIG IRON BASD ITMS",59567,43323
COLOMBIA,"PRIMRY STEL,PIG IRON BASD ITMS",91,3033
COSTA RICA,"PRIMRY STEL,PIG IRON BASD ITMS",3,0
CYPRUS,"PRIMRY STEL,PIG IRON BASD ITMS",0,105
CZECH REPUBLIC,"PRIMRY STEL,PIG IRON BASD ITMS",73,0
DENMARK,"PRIMRY STEL,PIG IRON BASD ITMS",153,41
DOMINIC REP,"PRIMRY STEL,PIG IRON BASD ITMS",0,267
DOMINICA,"PRIMRY STEL,PIG IRON BASD ITMS",0,69
ECUADOR,"PRIMRY STEL,PIG IRON BASD ITMS",0,18
EGYPT A RP,"PRIMRY STEL,PIG IRON BASD ITMS",2689,1984
ESTONIA,"PRIMRY STEL,PIG IRON BASD ITMS",0,150
FINLAND,"PRIMRY STEL,PIG IRON BASD ITMS",55,54
FRANCE,"PRIMRY STEL,PIG IRON BASD ITMS",7524,7063
GABON,"PRIMRY STEL,PIG IRON BASD ITMS",27,0
GEORGIA,"PRIMRY STEL,PIG IRON BASD ITMS",249,27
GERMANY,"PRIMRY STEL,PIG IRON BASD ITMS",4140,3456
GHANA,"PRIMRY STEL,PIG IRON BASD ITMS",0,40
GREECE,"PRIMRY STEL,PIG IRON BASD ITMS",1483,6898
HONDURAS,"PRIMRY STEL,PIG IRON BASD ITMS",0,0
HONG KONG,"PRIMRY STEL,PIG IRON BASD ITMS",137,240
HUNGARY,"PRIMRY STEL,PIG IRON BASD ITMS",1,0
ICELAND,"PRIMRY STEL,PIG IRON BASD ITMS",535,0
INDONESIA,"PRIMRY STEL,PIG IRON BASD ITMS",1394,3221
IRAN,"PRIMRY STEL,PIG IRON BASD ITMS",308,680
IRAQ,"PRIMRY STEL,PIG IRON BASD ITMS",0,70
IRELAND,"PRIMRY STEL,PIG IRON BASD ITMS",0,28
ISRAEL,"PRIMRY STEL,PIG IRON BASD ITMS",5,0
ITALY,"PRIMRY STEL,PIG IRON BASD ITMS",5636,8191
COTE D' IVOIRE,"PRIMRY STEL,PIG IRON BASD ITMS",0,27
JAPAN,"PRIMRY STEL,PIG IRON BASD ITMS",2206,11495
JORDAN,"PRIMRY STEL,PIG IRON BASD ITMS",0,52227
KAZAKHSTAN,"PRIMRY STEL,PIG IRON BASD ITMS",2160,3304
KYRGHYZSTAN,"PRIMRY STEL,PIG IRON BASD ITMS",0,150
KOREA RP,"PRIMRY STEL,PIG IRON BASD ITMS",4138,10763
KUWAIT,"PRIMRY STEL,PIG IRON BASD ITMS",123,655
LATVIA,"PRIMRY STEL,PIG IRON BASD ITMS",106,17
LIBERIA,"PRIMRY STEL,PIG IRON BASD ITMS",86,0
LITHUANIA,"PRIMRY STEL,PIG IRON BASD ITMS",47,0
MACEDONIA,"PRIMRY STEL,PIG IRON BASD ITMS",748,1895
